GeneID,Anther,Root,Stem,Phloem,Cotyledon,Leaf,5-DPA,10-DPA,20-DPA,PreSE0h,PreSE30s,PreSE1h
Ghjin_A01g000010,0.482174,0.6346,0.3926015,1.0702215,0.951514,0.8212435,0.771573,0.7000565,0.39334,0.615468,0.5019155,0.391933
Ghjin_A01g000020,0.683387,0.9809655,1.3845025,1.8149665,1.489745,1.5305775,1.5312285,2.313193,0.675294,0.156355,0.2183505,0.094974
Ghjin_A01g000050,0.9061355,1.3362545,0.597532,1.844657,0.95352,0.60524,1.099203,1.146943,0.7127555,0.41427,0.5386555,0.1961135
Ghjin_A01g000070,0,2.267176,1.308516,6.313553,5.34452,2.266987,3.9301405,3.5205765,2.7160305,0.8800515,0.8391645,0.6615135
Ghjin_A01g000110,0.8903695,2.1744235,4.0372885,5.897904,6.136338,6.7288005,8.5060735,8.3673395,3.0363275,1.5942405,0.9733045,1.420864
