Sample,2log
CK,1.72548268909
CK,1.52625920896
S1-1,0.958599438493
S1-1,0.942784535918
