Sample,mean,std
CK,1.62587094902,0.140872273768
S1-1,0.950691987206,0.0111828248544
